<linker>
	<assembly fullname="Assembly-CSharp">
		<type fullname="bullet" preserve="nothing"/>
		<type fullname="CameraFlightFollow" preserve="nothing"/>
		<type fullname="CustomPointer" preserve="nothing"/>
		<type fullname="DemoUI" preserve="nothing"/>
		<type fullname="PlayerFlightControl" preserve="nothing"/>
		<type fullname="PSDestroy" preserve="nothing"/>
	</assembly>
	<assembly fullname="Assembly-CSharp">
		<type fullname="astroid" preserve="nothing"/>
		<type fullname="background" preserve="nothing"/>
		<type fullname="camer" preserve="nothing"/>
		<type fullname="changescene" preserve="nothing"/>
		<type fullname="changescenelose" preserve="nothing"/>
		<type fullname="demon" preserve="nothing"/>
		<type fullname="enemymissile" preserve="nothing"/>
		<type fullname="enemymissile2" preserve="nothing"/>
		<type fullname="Level1enemy" preserve="nothing"/>
		<type fullname="LEVEL2enemy" preserve="nothing"/>
		<type fullname="MissileScript" preserve="nothing"/>
		<type fullname="presentmovement" preserve="nothing"/>
		<type fullname="script" preserve="nothing"/>
		<type fullname="shipscript" preserve="nothing"/>
		<type fullname="UFO" preserve="nothing"/>
		<type fullname="UFO2" preserve="nothing"/>
		<type fullname="upgrade" preserve="nothing"/>
	</assembly>
	<assembly fullname="UnityEngine">
		<type fullname="UnityEditor.Animations.AnimatorController" preserve="nothing"/>
		<type fullname="UnityEditor.AudioManager" preserve="nothing"/>
		<type fullname="UnityEditor.InputManager" preserve="nothing"/>
		<type fullname="UnityEditor.MonoManager" preserve="nothing"/>
		<type fullname="UnityEditor.MonoScript" preserve="nothing"/>
		<type fullname="UnityEditor.Physics2DSettings" preserve="nothing"/>
		<type fullname="UnityEditor.PhysicsManager" preserve="nothing"/>
		<type fullname="UnityEditor.PlayerSettings" preserve="nothing"/>
		<type fullname="UnityEditor.TagManager" preserve="nothing"/>
		<type fullname="UnityEditor.TimeManager" preserve="nothing"/>
		<type fullname="UnityEditor.VFXManager" preserve="nothing"/>
		<type fullname="UnityEngine.AnimationClip" preserve="nothing"/>
		<type fullname="UnityEngine.Animator" preserve="nothing"/>
		<type fullname="UnityEngine.AudioBehaviour" preserve="nothing"/>
		<type fullname="UnityEngine.AudioListener" preserve="nothing"/>
		<type fullname="UnityEngine.Avatar" preserve="nothing"/>
		<type fullname="UnityEngine.Behaviour" preserve="nothing"/>
		<type fullname="UnityEngine.BoxCollider" preserve="nothing"/>
		<type fullname="UnityEngine.Camera" preserve="nothing"/>
		<type fullname="UnityEngine.Canvas" preserve="nothing"/>
		<type fullname="UnityEngine.CanvasRenderer" preserve="nothing"/>
		<type fullname="UnityEngine.CapsuleCollider" preserve="nothing"/>
		<type fullname="UnityEngine.Collider" preserve="nothing"/>
		<type fullname="UnityEngine.Component" preserve="nothing"/>
		<type fullname="UnityEngine.Cubemap" preserve="nothing"/>
		<type fullname="UnityEngine.FlareLayer" preserve="nothing"/>
		<type fullname="UnityEngine.Font" preserve="nothing"/>
		<type fullname="UnityEngine.GameObject" preserve="nothing"/>
		<type fullname="UnityEngine.Light" preserve="nothing"/>
		<type fullname="UnityEngine.LightmapSettings" preserve="nothing"/>
		<type fullname="UnityEngine.LightProbes" preserve="nothing"/>
		<type fullname="UnityEngine.Material" preserve="nothing"/>
		<type fullname="UnityEngine.Mesh" preserve="nothing"/>
		<type fullname="UnityEngine.MeshCollider" preserve="nothing"/>
		<type fullname="UnityEngine.MeshFilter" preserve="nothing"/>
		<type fullname="UnityEngine.MeshRenderer" preserve="nothing"/>
		<type fullname="UnityEngine.MonoBehaviour" preserve="nothing"/>
		<type fullname="UnityEngine.Motion" preserve="nothing"/>
		<type fullname="UnityEngine.Object" preserve="nothing"/>
		<type fullname="UnityEngine.ParticleSystem" preserve="nothing"/>
		<type fullname="UnityEngine.ParticleSystemRenderer" preserve="nothing"/>
		<type fullname="UnityEngine.QualitySettings" preserve="nothing"/>
		<type fullname="UnityEngine.RectTransform" preserve="nothing"/>
		<type fullname="UnityEngine.Renderer" preserve="nothing"/>
		<type fullname="UnityEngine.Rendering.GraphicsSettings" preserve="nothing"/>
		<type fullname="UnityEngine.RenderSettings" preserve="nothing"/>
		<type fullname="UnityEngine.Rigidbody" preserve="nothing"/>
		<type fullname="UnityEngine.RuntimeAnimatorController" preserve="nothing"/>
		<type fullname="UnityEngine.Shader" preserve="nothing"/>
		<type fullname="UnityEngine.SkinnedMeshRenderer" preserve="nothing"/>
		<type fullname="UnityEngine.SphereCollider" preserve="nothing"/>
		<type fullname="UnityEngine.Sprite" preserve="nothing"/>
		<type fullname="UnityEngine.TextAsset" preserve="nothing"/>
		<type fullname="UnityEngine.Texture" preserve="nothing"/>
		<type fullname="UnityEngine.Texture2D" preserve="nothing"/>
		<type fullname="UnityEngine.TrailRenderer" preserve="nothing"/>
		<type fullname="UnityEngine.Transform" preserve="nothing"/>
	</assembly>
	<assembly fullname="UnityEngine.UI">
		<type fullname="UnityEngine.EventSystems.EventSystem" preserve="nothing"/>
		<type fullname="UnityEngine.EventSystems.StandaloneInputModule" preserve="nothing"/>
		<type fullname="UnityEngine.UI.Button" preserve="nothing"/>
		<type fullname="UnityEngine.UI.CanvasScaler" preserve="nothing"/>
		<type fullname="UnityEngine.UI.GraphicRaycaster" preserve="nothing"/>
		<type fullname="UnityEngine.UI.Image" preserve="nothing"/>
		<type fullname="UnityEngine.UI.Text" preserve="nothing"/>
	</assembly>
</linker>
